{
  "predictor_names": [
    "rule_based_local",
    "rule_based_negotiated",
    "mlp_local",
    "mlp_negotiated"
  ],
  "overall_role_accuracy": {
    "rule_based_local": 0.622478386167147,
    "rule_based_negotiated": 0.7348703170028819,
    "mlp_local": 0.9365994236311239,
    "mlp_negotiated": 0.962536023054755
  },
  "per_role_accuracy": {
    "reactive_nucleophile": {
      "rule_based_local": 1.0,
      "rule_based_negotiated": 0.9367088607594937,
      "mlp_local": 0.9240506329113924,
      "mlp_negotiated": 0.9240506329113924
    },
    "reactive_electrophile": {
      "rule_based_local": 0.5428571428571428,
      "rule_based_negotiated": 0.8571428571428571,
      "mlp_local": 0.9142857142857143,
      "mlp_negotiated": 1.0
    },
    "reactive_radical": {
      "rule_based_local": 1.0,
      "rule_based_negotiated": 1.0,
      "mlp_local": 1.0,
      "mlp_negotiated": 1.0
    },
    "leaving_group": {
      "rule_based_local": 1.0,
      "rule_based_negotiated": 1.0,
      "mlp_local": 1.0,
      "mlp_negotiated": 1.0
    },
    "spectator": {
      "rule_based_local": 0.3310810810810811,
      "rule_based_negotiated": 0.4797297297297297,
      "mlp_local": 0.9324324324324325,
      "mlp_negotiated": 0.9527027027027027
    }
  },
  "per_mechanism_accuracy": {
    "aldol": {
      "rule_based_local": 0.5862068965517241,
      "rule_based_negotiated": 0.9310344827586207,
      "mlp_local": 0.7241379310344828,
      "mlp_negotiated": 0.7931034482758621
    },
    "benzylic_radical_bromination": {
      "rule_based_local": 1.0,
      "rule_based_negotiated": 1.0,
      "mlp_local": 1.0,
      "mlp_negotiated": 1.0
    },
    "carbonyl_addition": {
      "rule_based_local": 0.4594594594594595,
      "rule_based_negotiated": 0.6756756756756757,
      "mlp_local": 1.0,
      "mlp_negotiated": 1.0
    },
    "control": {
      "rule_based_local": 0.75,
      "rule_based_negotiated": 0.75,
      "mlp_local": 1.0,
      "mlp_negotiated": 1.0
    },
    "cross_aldol": {
      "rule_based_local": 0.8095238095238095,
      "rule_based_negotiated": 0.9523809523809523,
      "mlp_local": 0.8095238095238095,
      "mlp_negotiated": 0.8571428571428571
    },
    "diels_alder": {
      "rule_based_local": 0.5542168674698795,
      "rule_based_negotiated": 0.8192771084337349,
      "mlp_local": 0.927710843373494,
      "mlp_negotiated": 1.0
    },
    "e2": {
      "rule_based_local": 1.0,
      "rule_based_negotiated": 1.0,
      "mlp_local": 1.0,
      "mlp_negotiated": 1.0
    },
    "ester_control": {
      "rule_based_local": 0.05555555555555555,
      "rule_based_negotiated": 0.05555555555555555,
      "mlp_local": 1.0,
      "mlp_negotiated": 1.0
    },
    "hetero_diels_alder": {
      "rule_based_local": 0.3333333333333333,
      "rule_based_negotiated": 0.0,
      "mlp_local": 1.0,
      "mlp_negotiated": 1.0
    },
    "michael_addition": {
      "rule_based_local": 0.24,
      "rule_based_negotiated": 0.24,
      "mlp_local": 0.84,
      "mlp_negotiated": 0.84
    },
    "nitrile_control": {
      "rule_based_local": 0.5555555555555556,
      "rule_based_negotiated": 0.5555555555555556,
      "mlp_local": 1.0,
      "mlp_negotiated": 1.0
    },
    "nitroalkane_deprotonation": {
      "rule_based_local": 1.0,
      "rule_based_negotiated": 1.0,
      "mlp_local": 1.0,
      "mlp_negotiated": 1.0
    },
    "reductive_amination": {
      "rule_based_local": 0.7272727272727273,
      "rule_based_negotiated": 0.7272727272727273,
      "mlp_local": 1.0,
      "mlp_negotiated": 1.0
    },
    "sn2": {
      "rule_based_local": 1.0,
      "rule_based_negotiated": 1.0,
      "mlp_local": 1.0,
      "mlp_negotiated": 1.0
    }
  },
  "reaction_center": {
    "rule_based_local": {
      "precision": 0.0,
      "recall": 0.0,
      "f1": 0.0
    },
    "rule_based_negotiated": {
      "precision": 0.8096926713947991,
      "recall": 0.894808743169399,
      "f1": 0.9081967213114754
    },
    "mlp_local": {
      "precision": 0.0,
      "recall": 0.0,
      "f1": 0.0
    },
    "mlp_negotiated": {
      "precision": 0.9569672131147541,
      "recall": 0.8601092896174863,
      "f1": 0.8983606557377048
    }
  },
  "best_predictor_by_overall_accuracy": "mlp_negotiated",
  "notes": [
    "Ground truth comes only from LabeledReaction.group_roles.",
    "Unlabeled detected groups are ignored for role accuracy.",
    "Missing labeled group IDs count as incorrect."
  ]
}